com.samsung.health.sleep_stage,6196009,6
start_time,sleep_id,custom,update_time,create_time,stage,time_offset,deviceuuid,pkg_name,end_time,datauuid
2021-11-16 01:48:00.000,89b16e74-6eb2-4167-94ca-31dfff17e4fb,,2021-11-16 09:05:42.822,2021-11-16 09:05:42.822,40002,UTC+0100,r+Q1gs7PBy,com.sec.android.app.shealth,2021-11-16 02:06:00.000,d7267112-dcad-439b-9152-6f1e29c24b3e,
2021-11-16 02:43:00.000,89b16e74-6eb2-4167-94ca-31dfff17e4fb,,2021-11-16 09:05:42.824,2021-11-16 09:05:42.824,40002,UTC+0100,r+Q1gs7PBy,com.sec.android.app.shealth,2021-11-16 02:52:00.000,29112fda-4b71-4814-a75d-c1d3667fab59,
2021-11-16 03:35:00.000,89b16e74-6eb2-4167-94ca-31dfff17e4fb,,2021-11-16 09:05:42.826,2021-11-16 09:05:42.826,40002,UTC+0100,r+Q1gs7PBy,com.sec.android.app.shealth,2021-11-16 03:55:00.000,9250f9d2-d969-4d7b-874c-13eb41dce7da,
2021-11-16 04:13:00.000,89b16e74-6eb2-4167-94ca-31dfff17e4fb,,2021-11-16 09:05:42.827,2021-11-16 09:05:42.827,40002,UTC+0100,r+Q1gs7PBy,com.sec.android.app.shealth,2021-11-16 04:16:00.000,6f192992-572a-4809-9537-1d3c15fb4ab1,
2021-11-16 02:06:00.000,89b16e74-6eb2-4167-94ca-31dfff17e4fb,,2021-11-16 09:05:42.822,2021-11-16 09:05:42.822,40001,UTC+0100,r+Q1gs7PBy,com.sec.android.app.shealth,2021-11-16 02:08:00.000,f6c47765-0b6d-41b1-a152-9e31767818db,
2021-11-16 04:53:00.000,89b16e74-6eb2-4167-94ca-31dfff17e4fb,,2021-11-16 09:05:42.829,2021-11-16 09:05:42.829,40001,UTC+0100,r+Q1gs7PBy,com.sec.android.app.shealth,2021-11-16 04:54:00.000,0b1accb5-2226-4f20-8a50-9a6ec1ea32c5,
2021-11-16 06:10:00.000,89b16e74-6eb2-4167-94ca-31dfff17e4fb,,2021-11-16 09:05:42.833,2021-11-16 09:05:42.833,40004,UTC+0100,r+Q1gs7PBy,com.sec.android.app.shealth,2021-11-16 06:42:00.000,5ad7000a-f4fa-4ab5-8fe9-2649cabc954e,
2021-11-16 07:57:00.000,89b16e74-6eb2-4167-94ca-31dfff17e4fb,,2021-11-16 09:05:42.836,2021-11-16 09:05:42.836,40001,UTC+0100,r+Q1gs7PBy,com.sec.android.app.shealth,2021-11-16 07:58:00.000,7cae3efe-61c2-4911-8e0c-f1eb0794f1fd,
2021-11-16 02:52:00.000,89b16e74-6eb2-4167-94ca-31dfff17e4fb,,2021-11-16 09:05:42.824,2021-11-16 09:05:42.824,40001,UTC+0100,r+Q1gs7PBy,com.sec.android.app.shealth,2021-11-16 02:55:00.000,76fb3b64-0b3b-46c7-bfd7-1bf4a74a2e68,
2021-11-16 03:55:00.000,89b16e74-6eb2-4167-94ca-31dfff17e4fb,,2021-11-16 09:05:42.826,2021-11-16 09:05:42.826,40001,UTC+0100,r+Q1gs7PBy,com.sec.android.app.shealth,2021-11-16 03:57:00.000,57e57f6a-baa1-40f7-a3b5-0eb1a3d9fc05,
2021-11-16 04:16:00.000,89b16e74-6eb2-4167-94ca-31dfff17e4fb,,2021-11-16 09:05:42.828,2021-11-16 09:05:42.828,40004,UTC+0100,r+Q1gs7PBy,com.sec.android.app.shealth,2021-11-16 04:40:00.000,733dd8b7-4288-44bb-97e3-1c84dddcef19,
2021-11-16 04:54:00.000,89b16e74-6eb2-4167-94ca-31dfff17e4fb,,2021-11-16 09:05:42.830,2021-11-16 09:05:42.830,40002,UTC+0100,r+Q1gs7PBy,com.sec.android.app.shealth,2021-11-16 04:57:00.000,d73aa28e-68fa-415d-8d36-a6a800f5618f,
2021-11-16 06:42:00.000,89b16e74-6eb2-4167-94ca-31dfff17e4fb,,2021-11-16 09:05:42.834,2021-11-16 09:05:42.834,40001,UTC+0100,r+Q1gs7PBy,com.sec.android.app.shealth,2021-11-16 06:46:00.000,e53b8a30-85b2-4a7e-99d9-116f80285917,
2021-11-16 07:58:00.000,89b16e74-6eb2-4167-94ca-31dfff17e4fb,,2021-11-16 09:05:42.837,2021-11-16 09:05:42.837,40004,UTC+0100,r+Q1gs7PBy,com.sec.android.app.shealth,2021-11-16 08:02:00.000,02fc2eb5-a974-40b1-a49e-363b504af591,
2021-11-16 08:15:00.000,89b16e74-6eb2-4167-94ca-31dfff17e4fb,,2021-11-16 09:05:42.848,2021-11-16 09:05:42.848,40002,UTC+0100,r+Q1gs7PBy,com.sec.android.app.shealth,2021-11-16 08:22:00.000,fdd85baa-b0c0-4ed8-83b2-a2b2835e37a1,
2021-11-16 09:04:00.000,89b16e74-6eb2-4167-94ca-31dfff17e4fb,,2021-11-16 09:05:42.851,2021-11-16 09:05:42.851,40002,UTC+0100,r+Q1gs7PBy,com.sec.android.app.shealth,2021-11-16 09:05:00.000,55b7b38f-c379-4c2d-b618-691a1f4d5fb3,
2021-11-18 00:28:00.000,b5cf63c6-993a-408c-9102-2f86d7cba8b8,,2021-11-18 08:46:01.533,2021-11-18 08:46:01.533,40001,UTC+0100,r+Q1gs7PBy,com.sec.android.app.shealth,2021-11-18 00:29:00.000,aeeeaeb7-0ac9-4f13-810a-1d395448af79,
2021-11-18 01:29:00.000,b5cf63c6-993a-408c-9102-2f86d7cba8b8,,2021-11-18 08:46:01.537,2021-11-18 08:46:01.537,40004,UTC+0100,r+Q1gs7PBy,com.sec.android.app.shealth,2021-11-18 01:44:00.000,d35fff9b-5e23-4b76-876e-d69690267ef7,
2021-11-18 02:01:00.000,b5cf63c6-993a-408c-9102-2f86d7cba8b8,,2021-11-18 08:46:01.539,2021-11-18 08:46:01.539,40002,UTC+0100,r+Q1gs7PBy,com.sec.android.app.shealth,2021-11-18 02:03:00.000,6c725011-0fbc-495f-92ad-01f58bc4614e,
2021-11-18 03:00:00.000,b5cf63c6-993a-408c-9102-2f86d7cba8b8,,2021-11-18 08:46:01.542,2021-11-18 08:46:01.542,40002,UTC+0100,r+Q1gs7PBy,com.sec.android.app.shealth,2021-11-18 03:06:00.000,b6389e67-edd8-4465-96ac-0dfa593c20aa,
2021-11-18 03:52:00.000,b5cf63c6-993a-408c-9102-2f86d7cba8b8,,2021-11-18 08:46:01.544,2021-11-18 08:46:01.544,40001,UTC+0100,r+Q1gs7PBy,com.sec.android.app.shealth,2021-11-18 03:55:00.000,2a4739ce-f231-4a8c-b080-7c63732c16e0,
2021-11-18 04:02:00.000,b5cf63c6-993a-408c-9102-2f86d7cba8b8,,2021-11-18 08:46:01.547,2021-11-18 08:46:01.547,40001,UTC+0100,r+Q1gs7PBy,com.sec.android.app.shealth,2021-11-18 04:04:00.000,c6a6785d-691e-40ab-9f7d-f8e9a3d4fd82,
2021-11-18 05:04:00.000,b5cf63c6-993a-408c-9102-2f86d7cba8b8,,2021-11-18 08:46:01.550,2021-11-18 08:46:01.550,40001,UTC+0100,r+Q1gs7PBy,com.sec.android.app.shealth,2021-11-18 05:05:00.000,46218f2d-9639-436c-b72f-7da00c502c83,
2021-11-18 05:46:00.000,b5cf63c6-993a-408c-9102-2f86d7cba8b8,,2021-11-18 08:46:01.553,2021-11-18 08:46:01.553,40004,UTC+0100,r+Q1gs7PBy,com.sec.android.app.shealth,2021-11-18 06:04:00.000,f8467b19-c30d-4a2a-8828-38c29b9445c8,
2021-11-18 06:23:00.000,b5cf63c6-993a-408c-9102-2f86d7cba8b8,,2021-11-18 08:46:01.557,2021-11-18 08:46:01.557,40004,UTC+0100,r+Q1gs7PBy,com.sec.android.app.shealth,2021-11-18 06:24:00.000,efb8bf23-202f-4c6d-bd69-42d6149e0838,
2021-11-18 07:24:00.000,b5cf63c6-993a-408c-9102-2f86d7cba8b8,,2021-11-18 08:46:01.561,2021-11-18 08:46:01.561,40001,UTC+0100,r+Q1gs7PBy,com.sec.android.app.shealth,2021-11-18 07:25:00.000,ce3f2767-6a0b-4063-8ce7-9d52981cf855,
2021-11-18 07:57:00.000,b5cf63c6-993a-408c-9102-2f86d7cba8b8,,2021-11-18 08:46:01.563,2021-11-18 08:46:01.563,40004,UTC+0100,r+Q1gs7PBy,com.sec.android.app.shealth,2021-11-18 08:00:00.000,e18d8c5a-cde8-4d70-980d-1260ba70eddc,
2021-11-18 08:21:00.000,b5cf63c6-993a-408c-9102-2f86d7cba8b8,,2021-11-18 08:46:01.566,2021-11-18 08:46:01.566,40001,UTC+0100,r+Q1gs7PBy,com.sec.android.app.shealth,2021-11-18 08:24:00.000,56a15c86-f741-4089-9bf6-d3d68aed8b0a,
2021-11-18 08:43:00.000,b5cf63c6-993a-408c-9102-2f86d7cba8b8,,2021-11-18 08:46:01.568,2021-11-18 08:46:01.568,40001,UTC+0100,r+Q1gs7PBy,com.sec.android.app.shealth,2021-11-18 08:44:00.000,9dabfbed-d9b7-49ac-b47f-45fce3a042f7,
2021-11-22 02:01:00.000,5330feb7-faf0-42e7-8b62-529662f528ae,,2021-11-22 09:46:56.631,2021-11-22 09:46:56.631,40001,UTC+0100,r+Q1gs7PBy,com.sec.android.app.shealth,2021-11-22 02:04:00.000,d8008ec4-67b9-447c-ad54-142973102b4c,
2021-11-22 02:40:00.000,5330feb7-faf0-42e7-8b62-529662f528ae,,2021-11-22 09:46:56.632,2021-11-22 09:46:56.632,40002,UTC+0100,r+Q1gs7PBy,com.sec.android.app.shealth,2021-11-22 02:42:00.000,910b420b-2fda-4bf0-9808-93b3e4781a8e,
2021-11-22 03:20:00.000,5330feb7-faf0-42e7-8b62-529662f528ae,,2021-11-22 09:46:56.633,2021-11-22 09:46:56.633,40002,UTC+0100,r+Q1gs7PBy,com.sec.android.app.shealth,2021-11-22 03:21:00.000,14448080-c301-4aeb-9e6d-4e691b60d056,
2021-11-22 04:21:00.000,5330feb7-faf0-42e7-8b62-529662f528ae,,2021-11-22 09:46:56.633,2021-11-22 09:46:56.633,40002,UTC+0100,r+Q1gs7PBy,com.sec.android.app.shealth,2021-11-22 05:15:00.000,b450db83-f721-4088-8294-603ee60314a9,
2021-11-22 06:34:00.000,5330feb7-faf0-42e7-8b62-529662f528ae,,2021-11-22 09:46:56.634,2021-11-22 09:46:56.634,40002,UTC+0100,r+Q1gs7PBy,com.sec.android.app.shealth,2021-11-22 07:16:00.000,faf8c072-efef-4d99-be72-5039cb23bcf7,
2021-11-16 08:14:00.000,89b16e74-6eb2-4167-94ca-31dfff17e4fb,,2021-11-16 09:05:42.848,2021-11-16 09:05:42.848,40001,UTC+0100,r+Q1gs7PBy,com.sec.android.app.shealth,2021-11-16 08:15:00.000,2d0550c7-ed0b-49fe-b29b-9307c3fb5516,
2021-11-22 07:39:00.000,5330feb7-faf0-42e7-8b62-529662f528ae,,2021-11-22 09:46:56.635,2021-11-22 09:46:56.635,40001,UTC+0100,r+Q1gs7PBy,com.sec.android.app.shealth,2021-11-22 07:40:00.000,d8920198-a04b-4ee7-8bf3-dacff09011fe,
2021-11-22 07:50:00.000,5330feb7-faf0-42e7-8b62-529662f528ae,,2021-11-22 09:46:56.636,2021-11-22 09:46:56.636,40002,UTC+0100,r+Q1gs7PBy,com.sec.android.app.shealth,2021-11-22 07:55:00.000,ab5e4042-1c46-49da-9cdd-09f0828ccc79,
2021-11-16 09:00:00.000,89b16e74-6eb2-4167-94ca-31dfff17e4fb,,2021-11-16 09:05:42.851,2021-11-16 09:05:42.851,40001,UTC+0100,r+Q1gs7PBy,com.sec.android.app.shealth,2021-11-16 09:04:00.000,31b258eb-8890-4326-ae3f-a9d5ef1c5eef,
2021-11-22 08:25:00.000,5330feb7-faf0-42e7-8b62-529662f528ae,,2021-11-22 09:46:56.636,2021-11-22 09:46:56.636,40004,UTC+0100,r+Q1gs7PBy,com.sec.android.app.shealth,2021-11-22 08:27:00.000,c738c552-7e5c-4002-a9d9-99a5fe965888,
2021-11-18 00:23:00.000,b5cf63c6-993a-408c-9102-2f86d7cba8b8,,2021-11-18 08:46:01.532,2021-11-18 08:46:01.532,40002,UTC+0100,r+Q1gs7PBy,com.sec.android.app.shealth,2021-11-18 00:28:00.000,821a8d1c-2fed-433e-9183-4e450588befe,
2021-11-18 01:14:00.000,b5cf63c6-993a-408c-9102-2f86d7cba8b8,,2021-11-18 08:46:01.536,2021-11-18 08:46:01.536,40003,UTC+0100,r+Q1gs7PBy,com.sec.android.app.shealth,2021-11-18 01:29:00.000,6585ded4-cd3e-42d6-86b0-4f3f80991716,
2021-11-22 09:12:00.000,5330feb7-faf0-42e7-8b62-529662f528ae,,2021-11-22 09:46:56.637,2021-11-22 09:46:56.637,40002,UTC+0100,r+Q1gs7PBy,com.sec.android.app.shealth,2021-11-22 09:23:00.000,0098ea1e-76b1-43a0-9cf4-4c843c004a6a,
2021-11-18 02:00:00.000,b5cf63c6-993a-408c-9102-2f86d7cba8b8,,2021-11-18 08:46:01.539,2021-11-18 08:46:01.539,40001,UTC+0100,r+Q1gs7PBy,com.sec.android.app.shealth,2021-11-18 02:01:00.000,e278e4b9-e863-4a99-aee1-a9367ce3b0bd,
2021-11-22 23:21:00.000,bde39e77-e18f-46bf-b2ef-4e8f477a3ca9,,2021-11-23 08:09:38.698,2021-11-23 08:09:38.698,40001,UTC+0100,r+Q1gs7PBy,com.sec.android.app.shealth,2021-11-22 23:23:00.000,31b46512-e586-4720-83e5-9a2a94c099c1,
2021-11-18 02:59:00.000,b5cf63c6-993a-408c-9102-2f86d7cba8b8,,2021-11-18 08:46:01.542,2021-11-18 08:46:01.542,40001,UTC+0100,r+Q1gs7PBy,com.sec.android.app.shealth,2021-11-18 03:00:00.000,894f6e02-c500-4f6f-9af8-d21b49e8f488,
2021-11-22 23:40:00.000,bde39e77-e18f-46bf-b2ef-4e8f477a3ca9,,2021-11-23 08:09:38.698,2021-11-23 08:09:38.698,40001,UTC+0100,r+Q1gs7PBy,com.sec.android.app.shealth,2021-11-22 23:58:00.000,ca6f8a81-2b37-4f07-abd6-fedc9d31212c,
2021-11-18 03:36:00.000,b5cf63c6-993a-408c-9102-2f86d7cba8b8,,2021-11-18 08:46:01.544,2021-11-18 08:46:01.544,40004,UTC+0100,r+Q1gs7PBy,com.sec.android.app.shealth,2021-11-18 03:52:00.000,310821de-602b-4fdb-ad4c-14ef0cb5bc8f,
2021-11-23 01:01:00.000,bde39e77-e18f-46bf-b2ef-4e8f477a3ca9,,2021-11-23 08:09:38.699,2021-11-23 08:09:38.699,40002,UTC+0100,r+Q1gs7PBy,com.sec.android.app.shealth,2021-11-23 01:03:00.000,6ff3d970-1ce9-487f-90a1-23966728f440,
2021-11-18 03:59:00.000,b5cf63c6-993a-408c-9102-2f86d7cba8b8,,2021-11-18 08:46:01.546,2021-11-18 08:46:01.546,40002,UTC+0100,r+Q1gs7PBy,com.sec.android.app.shealth,2021-11-18 04:02:00.000,3634e25c-f55e-4e7f-a10e-9e63863f4c4b,
2021-11-23 01:26:00.000,bde39e77-e18f-46bf-b2ef-4e8f477a3ca9,,2021-11-23 08:09:38.699,2021-11-23 08:09:38.699,40002,UTC+0100,r+Q1gs7PBy,com.sec.android.app.shealth,2021-11-23 01:30:00.000,adcf2498-aefa-401e-8e9a-17d015509658,
2021-11-18 05:03:00.000,b5cf63c6-993a-408c-9102-2f86d7cba8b8,,2021-11-18 08:46:01.550,2021-11-18 08:46:01.550,40002,UTC+0100,r+Q1gs7PBy,com.sec.android.app.shealth,2021-11-18 05:04:00.000,525fbf73-ac11-42c1-ab98-dde975214507,
2021-11-23 02:28:00.000,bde39e77-e18f-46bf-b2ef-4e8f477a3ca9,,2021-11-23 08:09:38.700,2021-11-23 08:09:38.700,40002,UTC+0100,r+Q1gs7PBy,com.sec.android.app.shealth,2021-11-23 02:31:00.000,756864e5-7c39-4563-a222-efa29ad06cc7,
2021-11-18 05:40:00.000,b5cf63c6-993a-408c-9102-2f86d7cba8b8,,2021-11-18 08:46:01.553,2021-11-18 08:46:01.553,40002,UTC+0100,r+Q1gs7PBy,com.sec.android.app.shealth,2021-11-18 05:46:00.000,4ef13b9a-58fb-4350-aa23-1cb6066bd05e,
2021-11-23 04:09:00.000,bde39e77-e18f-46bf-b2ef-4e8f477a3ca9,,2021-11-23 08:09:38.700,2021-11-23 08:09:38.700,40002,UTC+0100,r+Q1gs7PBy,com.sec.android.app.shealth,2021-11-23 04:32:00.000,9a75044a-2f9c-4e30-9ba9-b8e2f850d01d,
2021-11-18 06:22:00.000,b5cf63c6-993a-408c-9102-2f86d7cba8b8,,2021-11-18 08:46:01.557,2021-11-18 08:46:01.557,40001,UTC+0100,r+Q1gs7PBy,com.sec.android.app.shealth,2021-11-18 06:23:00.000,b598fd8b-8d33-4295-9c32-d79f61ee8d06,
2021-11-23 04:43:00.000,bde39e77-e18f-46bf-b2ef-4e8f477a3ca9,,2021-11-23 08:09:38.700,2021-11-23 08:09:38.700,40002,UTC+0100,r+Q1gs7PBy,com.sec.android.app.shealth,2021-11-23 05:36:00.000,7b69ed5f-03ff-4087-91e9-1ec5cd02b234,
2021-11-18 07:06:00.000,b5cf63c6-993a-408c-9102-2f86d7cba8b8,,2021-11-18 08:46:01.560,2021-11-18 08:46:01.560,40002,UTC+0100,r+Q1gs7PBy,com.sec.android.app.shealth,2021-11-18 07:24:00.000,2016cbea-122e-43d8-98c6-075949453b2b,
2021-11-23 06:46:00.000,bde39e77-e18f-46bf-b2ef-4e8f477a3ca9,,2021-11-23 08:09:38.701,2021-11-23 08:09:38.701,40002,UTC+0100,r+Q1gs7PBy,com.sec.android.app.shealth,2021-11-23 06:51:00.000,e87c1e57-e94a-47a5-95ee-e134f4d6259f,
2021-11-18 07:56:00.000,b5cf63c6-993a-408c-9102-2f86d7cba8b8,,2021-11-18 08:46:01.563,2021-11-18 08:46:01.563,40001,UTC+0100,r+Q1gs7PBy,com.sec.android.app.shealth,2021-11-18 07:57:00.000,b9eb8053-03ab-4983-83f9-816d7e44bf0b,
2021-11-16 02:08:00.000,89b16e74-6eb2-4167-94ca-31dfff17e4fb,,2021-11-16 09:05:42.823,2021-11-16 09:05:42.823,40002,UTC+0100,r+Q1gs7PBy,com.sec.android.app.shealth,2021-11-16 02:09:00.000,26b90395-165a-43bf-8d77-3fe248c8319c,
2021-11-16 02:55:00.000,89b16e74-6eb2-4167-94ca-31dfff17e4fb,,2021-11-16 09:05:42.824,2021-11-16 09:05:42.824,40002,UTC+0100,r+Q1gs7PBy,com.sec.android.app.shealth,2021-11-16 02:57:00.000,f7376bd2-2e1a-4c55-9a86-0ae5397b6c99,
2021-11-16 03:57:00.000,89b16e74-6eb2-4167-94ca-31dfff17e4fb,,2021-11-16 09:05:42.826,2021-11-16 09:05:42.826,40002,UTC+0100,r+Q1gs7PBy,com.sec.android.app.shealth,2021-11-16 04:05:00.000,711a3435-d9ff-4604-9343-407cefe04020,
2021-11-16 04:40:00.000,89b16e74-6eb2-4167-94ca-31dfff17e4fb,,2021-11-16 09:05:42.828,2021-11-16 09:05:42.828,40001,UTC+0100,r+Q1gs7PBy,com.sec.android.app.shealth,2021-11-16 04:41:00.000,e66c5eae-da0c-48c8-ae2f-6c5ac5fc8b86,
2021-11-16 04:57:00.000,89b16e74-6eb2-4167-94ca-31dfff17e4fb,,2021-11-16 09:05:42.831,2021-11-16 09:05:42.831,40001,UTC+0100,r+Q1gs7PBy,com.sec.android.app.shealth,2021-11-16 04:59:00.000,426d5684-337f-4590-bbf4-cd954342b885,
2021-11-16 06:46:00.000,89b16e74-6eb2-4167-94ca-31dfff17e4fb,,2021-11-16 09:05:42.834,2021-11-16 09:05:42.834,40002,UTC+0100,r+Q1gs7PBy,com.sec.android.app.shealth,2021-11-16 06:58:00.000,b495689a-0ca5-4b0b-a030-61c67e2970e8,
2021-11-16 08:02:00.000,89b16e74-6eb2-4167-94ca-31dfff17e4fb,,2021-11-16 09:05:42.838,2021-11-16 09:05:42.838,40001,UTC+0100,r+Q1gs7PBy,com.sec.android.app.shealth,2021-11-16 08:03:00.000,b22df2a6-4f7e-4d2d-87f5-9dd1038d96fa,
2021-11-16 08:22:00.000,89b16e74-6eb2-4167-94ca-31dfff17e4fb,,2021-11-16 09:05:42.849,2021-11-16 09:05:42.849,40001,UTC+0100,r+Q1gs7PBy,com.sec.android.app.shealth,2021-11-16 08:23:00.000,c0e54cc7-7969-47e1-a12d-2c97b3ed64a3,
2021-11-18 08:20:00.000,b5cf63c6-993a-408c-9102-2f86d7cba8b8,,2021-11-18 08:46:01.565,2021-11-18 08:46:01.565,40002,UTC+0100,r+Q1gs7PBy,com.sec.android.app.shealth,2021-11-18 08:21:00.000,2dcd5a0f-0412-43d1-94b4-5f8986e624a5,
2021-11-17 23:58:00.000,b5cf63c6-993a-408c-9102-2f86d7cba8b8,,2021-11-18 08:46:01.530,2021-11-18 08:46:01.530,40002,UTC+0100,r+Q1gs7PBy,com.sec.android.app.shealth,2021-11-18 00:12:00.000,b2bada6c-6536-4a33-9797-8bf354ae9835,
2021-11-18 00:29:00.000,b5cf63c6-993a-408c-9102-2f86d7cba8b8,,2021-11-18 08:46:01.534,2021-11-18 08:46:01.534,40002,UTC+0100,r+Q1gs7PBy,com.sec.android.app.shealth,2021-11-18 00:37:00.000,baa7fe5c-e809-4e28-b17c-9d14dba57697,
2021-11-18 08:41:00.000,b5cf63c6-993a-408c-9102-2f86d7cba8b8,,2021-11-18 08:46:01.568,2021-11-18 08:46:01.568,40002,UTC+0100,r+Q1gs7PBy,com.sec.android.app.shealth,2021-11-18 08:43:00.000,7a5c5f85-1f08-4e71-8375-7fb4248b768b,
2021-11-22 01:58:00.000,5330feb7-faf0-42e7-8b62-529662f528ae,,2021-11-22 09:46:56.631,2021-11-22 09:46:56.631,40002,UTC+0100,r+Q1gs7PBy,com.sec.android.app.shealth,2021-11-22 02:01:00.000,53709926-267f-48cc-955b-03504064d75a,
2021-11-18 01:44:00.000,b5cf63c6-993a-408c-9102-2f86d7cba8b8,,2021-11-18 08:46:01.537,2021-11-18 08:46:01.537,40001,UTC+0100,r+Q1gs7PBy,com.sec.android.app.shealth,2021-11-18 01:45:00.000,364d22fa-3435-4ca7-b16d-cf77956df7c0,
2021-11-18 02:03:00.000,b5cf63c6-993a-408c-9102-2f86d7cba8b8,,2021-11-18 08:46:01.540,2021-11-18 08:46:01.540,40001,UTC+0100,r+Q1gs7PBy,com.sec.android.app.shealth,2021-11-18 02:04:00.000,59b02e3d-4445-437f-8cfb-43c8e7669936,
2021-11-22 02:38:00.000,5330feb7-faf0-42e7-8b62-529662f528ae,,2021-11-22 09:46:56.632,2021-11-22 09:46:56.632,40003,UTC+0100,r+Q1gs7PBy,com.sec.android.app.shealth,2021-11-22 02:40:00.000,226043ef-7ce5-41cd-a65b-7a01212fde13,
2021-11-18 03:06:00.000,b5cf63c6-993a-408c-9102-2f86d7cba8b8,,2021-11-18 08:46:01.542,2021-11-18 08:46:01.542,40001,UTC+0100,r+Q1gs7PBy,com.sec.android.app.shealth,2021-11-18 03:08:00.000,e2b83030-9c21-4734-87e8-d2a9ff057ddd,
2021-11-22 03:14:00.000,5330feb7-faf0-42e7-8b62-529662f528ae,,2021-11-22 09:46:56.633,2021-11-22 09:46:56.633,40003,UTC+0100,r+Q1gs7PBy,com.sec.android.app.shealth,2021-11-22 03:20:00.000,a197d427-6eac-4a16-9405-4f0f0712f486,
2021-11-18 03:55:00.000,b5cf63c6-993a-408c-9102-2f86d7cba8b8,,2021-11-18 08:46:01.545,2021-11-18 08:46:01.545,40002,UTC+0100,r+Q1gs7PBy,com.sec.android.app.shealth,2021-11-18 03:56:00.000,46f82abe-dca5-400d-a57e-f2e77f15700a,
2021-11-22 04:20:00.000,5330feb7-faf0-42e7-8b62-529662f528ae,,2021-11-22 09:46:56.633,2021-11-22 09:46:56.633,40001,UTC+0100,r+Q1gs7PBy,com.sec.android.app.shealth,2021-11-22 04:21:00.000,1cbe6dc7-c485-4385-ad8c-484769820660,
2021-11-18 04:04:00.000,b5cf63c6-993a-408c-9102-2f86d7cba8b8,,2021-11-18 08:46:01.547,2021-11-18 08:46:01.547,40002,UTC+0100,r+Q1gs7PBy,com.sec.android.app.shealth,2021-11-18 04:08:00.000,1c23b57a-ba8f-460f-9b5f-6b8e2a1de4a9,
2021-11-22 06:33:00.000,5330feb7-faf0-42e7-8b62-529662f528ae,,2021-11-22 09:46:56.634,2021-11-22 09:46:56.634,40001,UTC+0100,r+Q1gs7PBy,com.sec.android.app.shealth,2021-11-22 06:34:00.000,9e438df2-9112-4af8-a247-b091b88578cb,
2021-11-18 05:05:00.000,b5cf63c6-993a-408c-9102-2f86d7cba8b8,,2021-11-18 08:46:01.551,2021-11-18 08:46:01.551,40002,UTC+0100,r+Q1gs7PBy,com.sec.android.app.shealth,2021-11-18 05:36:00.000,fc09385e-a370-460d-87fd-a4fd80f37742,
2021-11-22 07:34:00.000,5330feb7-faf0-42e7-8b62-529662f528ae,,2021-11-22 09:46:56.635,2021-11-22 09:46:56.635,40004,UTC+0100,r+Q1gs7PBy,com.sec.android.app.shealth,2021-11-22 07:39:00.000,3ed3a6ce-b579-4f50-93dc-9c6329c83219,
2021-11-18 06:04:00.000,b5cf63c6-993a-408c-9102-2f86d7cba8b8,,2021-11-18 08:46:01.554,2021-11-18 08:46:01.554,40001,UTC+0100,r+Q1gs7PBy,com.sec.android.app.shealth,2021-11-18 06:11:00.000,4cb6f7f2-e58d-4d54-865c-88cafba38be0,
2021-11-22 07:48:00.000,5330feb7-faf0-42e7-8b62-529662f528ae,,2021-11-22 09:46:56.635,2021-11-22 09:46:56.635,40001,UTC+0100,r+Q1gs7PBy,com.sec.android.app.shealth,2021-11-22 07:50:00.000,bd64a741-4153-4095-9d17-775a583d063a,
2021-11-22 08:08:00.000,5330feb7-faf0-42e7-8b62-529662f528ae,,2021-11-22 09:46:56.636,2021-11-22 09:46:56.636,40002,UTC+0100,r+Q1gs7PBy,com.sec.android.app.shealth,2021-11-22 08:25:00.000,3b875ab5-2bb5-487e-b7d4-27477043f395,
2021-11-22 09:09:00.000,5330feb7-faf0-42e7-8b62-529662f528ae,,2021-11-22 09:46:56.637,2021-11-22 09:46:56.637,40001,UTC+0100,r+Q1gs7PBy,com.sec.android.app.shealth,2021-11-22 09:12:00.000,f6b30814-16fd-48e0-a4c5-ef24afda3e1b,
2021-11-22 23:10:00.000,bde39e77-e18f-46bf-b2ef-4e8f477a3ca9,,2021-11-23 08:09:38.698,2021-11-23 08:09:38.698,40002,UTC+0100,r+Q1gs7PBy,com.sec.android.app.shealth,2021-11-22 23:21:00.000,71d8c6ce-fabd-43af-b9db-6b22503f19c9,
2021-11-22 23:37:00.000,bde39e77-e18f-46bf-b2ef-4e8f477a3ca9,,2021-11-23 08:09:38.698,2021-11-23 08:09:38.698,40002,UTC+0100,r+Q1gs7PBy,com.sec.android.app.shealth,2021-11-22 23:40:00.000,308ad4ab-5311-46e5-ac37-642ebfa0f4bd,
2021-11-23 00:58:00.000,bde39e77-e18f-46bf-b2ef-4e8f477a3ca9,,2021-11-23 08:09:38.699,2021-11-23 08:09:38.699,40001,UTC+0100,r+Q1gs7PBy,com.sec.android.app.shealth,2021-11-23 01:01:00.000,aeea08b6-12e7-4f9c-9795-7a57647a2506,
2021-11-18 06:24:00.000,b5cf63c6-993a-408c-9102-2f86d7cba8b8,,2021-11-18 08:46:01.558,2021-11-18 08:46:01.558,40002,UTC+0100,r+Q1gs7PBy,com.sec.android.app.shealth,2021-11-18 06:34:00.000,b942c983-e4af-473c-8624-3006f5214278,
2021-11-23 01:25:00.000,bde39e77-e18f-46bf-b2ef-4e8f477a3ca9,,2021-11-23 08:09:38.699,2021-11-23 08:09:38.699,40001,UTC+0100,r+Q1gs7PBy,com.sec.android.app.shealth,2021-11-23 01:26:00.000,f9ca5ce5-d0ea-463b-8919-28a37a0562a4,
2021-11-18 07:25:00.000,b5cf63c6-993a-408c-9102-2f86d7cba8b8,,2021-11-18 08:46:01.562,2021-11-18 08:46:01.562,40002,UTC+0100,r+Q1gs7PBy,com.sec.android.app.shealth,2021-11-18 07:31:00.000,6243e8cd-2b33-4d52-88da-13000b417a3e,
2021-11-23 02:27:00.000,bde39e77-e18f-46bf-b2ef-4e8f477a3ca9,,2021-11-23 08:09:38.700,2021-11-23 08:09:38.700,40001,UTC+0100,r+Q1gs7PBy,com.sec.android.app.shealth,2021-11-23 02:28:00.000,2f7d7d8f-9e17-414e-90cb-aa635f80b03f,
2021-11-18 08:00:00.000,b5cf63c6-993a-408c-9102-2f86d7cba8b8,,2021-11-18 08:46:01.564,2021-11-18 08:46:01.564,40002,UTC+0100,r+Q1gs7PBy,com.sec.android.app.shealth,2021-11-18 08:07:00.000,f56461b5-b867-4581-a9f7-d5e582fe95e3,
2021-11-23 04:07:00.000,bde39e77-e18f-46bf-b2ef-4e8f477a3ca9,,2021-11-23 08:09:38.700,2021-11-23 08:09:38.700,40001,UTC+0100,r+Q1gs7PBy,com.sec.android.app.shealth,2021-11-23 04:09:00.000,8b41a962-eeaa-4b79-9691-bede59bc8d2e,
2021-11-18 08:24:00.000,b5cf63c6-993a-408c-9102-2f86d7cba8b8,,2021-11-18 08:46:01.566,2021-11-18 08:46:01.566,40002,UTC+0100,r+Q1gs7PBy,com.sec.android.app.shealth,2021-11-18 08:27:00.000,e526ef51-d1db-4826-879f-82261b562f3b,
2021-11-23 04:42:00.000,bde39e77-e18f-46bf-b2ef-4e8f477a3ca9,,2021-11-23 08:09:38.700,2021-11-23 08:09:38.700,40001,UTC+0100,r+Q1gs7PBy,com.sec.android.app.shealth,2021-11-23 04:43:00.000,3c0c82f0-5ebd-412a-9ed8-18951f35fef8,
2021-11-22 01:24:00.000,5330feb7-faf0-42e7-8b62-529662f528ae,,2021-11-22 09:46:56.630,2021-11-22 09:46:56.630,40002,UTC+0100,r+Q1gs7PBy,com.sec.android.app.shealth,2021-11-22 01:39:00.000,edec3569-a94a-41e4-8b5e-f1dfc7ba99f5,
2021-11-23 06:44:00.000,bde39e77-e18f-46bf-b2ef-4e8f477a3ca9,,2021-11-23 08:09:38.701,2021-11-23 08:09:38.701,40001,UTC+0100,r+Q1gs7PBy,com.sec.android.app.shealth,2021-11-23 06:46:00.000,706c404a-83d6-4b03-9fe7-2fd422562299,
2021-11-22 02:04:00.000,5330feb7-faf0-42e7-8b62-529662f528ae,,2021-11-22 09:46:56.631,2021-11-22 09:46:56.631,40002,UTC+0100,r+Q1gs7PBy,com.sec.android.app.shealth,2021-11-22 02:17:00.000,5b58ad60-2e49-4abe-b92d-14d1a68e0424,
2021-11-16 02:09:00.000,89b16e74-6eb2-4167-94ca-31dfff17e4fb,,2021-11-16 09:05:42.823,2021-11-16 09:05:42.823,40001,UTC+0100,r+Q1gs7PBy,com.sec.android.app.shealth,2021-11-16 02:12:00.000,8761a6ee-ee6f-4436-a2c0-4479649e0680,
2021-11-22 02:42:00.000,5330feb7-faf0-42e7-8b62-529662f528ae,,2021-11-22 09:46:56.632,2021-11-22 09:46:56.632,40001,UTC+0100,r+Q1gs7PBy,com.sec.android.app.shealth,2021-11-22 02:43:00.000,05a7daa0-c31d-4945-867c-8c372590826d,
2021-11-16 02:57:00.000,89b16e74-6eb2-4167-94ca-31dfff17e4fb,,2021-11-16 09:05:42.825,2021-11-16 09:05:42.825,40001,UTC+0100,r+Q1gs7PBy,com.sec.android.app.shealth,2021-11-16 02:58:00.000,d16be6ec-945b-4d55-8106-56e7f818c0af,
2021-11-22 03:21:00.000,5330feb7-faf0-42e7-8b62-529662f528ae,,2021-11-22 09:46:56.633,2021-11-22 09:46:56.633,40001,UTC+0100,r+Q1gs7PBy,com.sec.android.app.shealth,2021-11-22 03:24:00.000,9c84b037-35b5-45dd-8bcd-70e416a0e9aa,
2021-11-16 04:05:00.000,89b16e74-6eb2-4167-94ca-31dfff17e4fb,,2021-11-16 09:05:42.826,2021-11-16 09:05:42.826,40001,UTC+0100,r+Q1gs7PBy,com.sec.android.app.shealth,2021-11-16 04:06:00.000,23a5f756-1e78-4f13-ae17-af90a4bb8ddc,
2021-11-22 05:15:00.000,5330feb7-faf0-42e7-8b62-529662f528ae,,2021-11-22 09:46:56.633,2021-11-22 09:46:56.633,40001,UTC+0100,r+Q1gs7PBy,com.sec.android.app.shealth,2021-11-22 05:16:00.000,e67ebab5-d33b-49b0-bed8-aa1e114fb66d,
2021-11-22 07:16:00.000,5330feb7-faf0-42e7-8b62-529662f528ae,,2021-11-22 09:46:56.634,2021-11-22 09:46:56.634,40004,UTC+0100,r+Q1gs7PBy,com.sec.android.app.shealth,2021-11-22 07:18:00.000,f34f3033-be60-413a-82dd-1cd048900378,
2021-11-22 07:40:00.000,5330feb7-faf0-42e7-8b62-529662f528ae,,2021-11-22 09:46:56.635,2021-11-22 09:46:56.635,40002,UTC+0100,r+Q1gs7PBy,com.sec.android.app.shealth,2021-11-22 07:43:00.000,bf0cb224-4b03-4339-8a88-974f8377e189,
2021-11-16 04:41:00.000,89b16e74-6eb2-4167-94ca-31dfff17e4fb,,2021-11-16 09:05:42.828,2021-11-16 09:05:42.828,40004,UTC+0100,r+Q1gs7PBy,com.sec.android.app.shealth,2021-11-16 04:47:00.000,fa0258fc-cd1b-471a-8755-36a966c0a55f,
2021-11-16 04:59:00.000,89b16e74-6eb2-4167-94ca-31dfff17e4fb,,2021-11-16 09:05:42.831,2021-11-16 09:05:42.831,40002,UTC+0100,r+Q1gs7PBy,com.sec.android.app.shealth,2021-11-16 05:25:00.000,187557dd-3af0-4f4f-9756-177618216ef5,
2021-11-16 06:58:00.000,89b16e74-6eb2-4167-94ca-31dfff17e4fb,,2021-11-16 09:05:42.835,2021-11-16 09:05:42.835,40001,UTC+0100,r+Q1gs7PBy,com.sec.android.app.shealth,2021-11-16 06:59:00.000,22787032-451a-4763-8baf-d9216a348b96,
2021-11-16 08:03:00.000,89b16e74-6eb2-4167-94ca-31dfff17e4fb,,2021-11-16 09:05:42.839,2021-11-16 09:05:42.839,40004,UTC+0100,r+Q1gs7PBy,com.sec.android.app.shealth,2021-11-16 08:10:00.000,4419ff72-130d-40f2-959b-7e30314bb8a4,
2021-11-16 08:23:00.000,89b16e74-6eb2-4167-94ca-31dfff17e4fb,,2021-11-16 09:05:42.849,2021-11-16 09:05:42.849,40002,UTC+0100,r+Q1gs7PBy,com.sec.android.app.shealth,2021-11-16 08:49:00.000,d2eebce5-91c3-40c6-b187-bdfc41f9762d,
2021-11-22 07:55:00.000,5330feb7-faf0-42e7-8b62-529662f528ae,,2021-11-22 09:46:56.636,2021-11-22 09:46:56.636,40004,UTC+0100,r+Q1gs7PBy,com.sec.android.app.shealth,2021-11-22 07:58:00.000,3cd6278f-50c8-4262-be40-1e2f39b9616b,
2021-11-18 00:12:00.000,b5cf63c6-993a-408c-9102-2f86d7cba8b8,,2021-11-18 08:46:01.530,2021-11-18 08:46:01.530,40001,UTC+0100,r+Q1gs7PBy,com.sec.android.app.shealth,2021-11-18 00:15:00.000,9029d078-2ccc-432e-b83d-348a16d8740d,
2021-11-22 08:27:00.000,5330feb7-faf0-42e7-8b62-529662f528ae,,2021-11-22 09:46:56.636,2021-11-22 09:46:56.636,40002,UTC+0100,r+Q1gs7PBy,com.sec.android.app.shealth,2021-11-22 08:28:00.000,02da9b2e-76e1-491b-9bc2-42a3eaede56c,
2021-11-22 09:23:00.000,5330feb7-faf0-42e7-8b62-529662f528ae,,2021-11-22 09:46:56.637,2021-11-22 09:46:56.637,40004,UTC+0100,r+Q1gs7PBy,com.sec.android.app.shealth,2021-11-22 09:36:00.000,60b489f8-ba51-4a0a-b94f-3a459f69db65,
2021-11-22 23:23:00.000,bde39e77-e18f-46bf-b2ef-4e8f477a3ca9,,2021-11-23 08:09:38.698,2021-11-23 08:09:38.698,40002,UTC+0100,r+Q1gs7PBy,com.sec.android.app.shealth,2021-11-22 23:30:00.000,8e99e332-aa52-4a19-a367-33b93a6d6bf7,
2021-11-22 23:58:00.000,bde39e77-e18f-46bf-b2ef-4e8f477a3ca9,,2021-11-23 08:09:38.698,2021-11-23 08:09:38.698,40002,UTC+0100,r+Q1gs7PBy,com.sec.android.app.shealth,2021-11-23 00:24:00.000,af2a0ca9-cdfe-4c8d-a15c-dc4f6aa8fdd3,
2021-11-23 01:03:00.000,bde39e77-e18f-46bf-b2ef-4e8f477a3ca9,,2021-11-23 08:09:38.699,2021-11-23 08:09:38.699,40001,UTC+0100,r+Q1gs7PBy,com.sec.android.app.shealth,2021-11-23 01:04:00.000,e494ba28-fd47-4c38-9651-d7e820619a4c,
2021-11-23 01:30:00.000,bde39e77-e18f-46bf-b2ef-4e8f477a3ca9,,2021-11-23 08:09:38.699,2021-11-23 08:09:38.699,40001,UTC+0100,r+Q1gs7PBy,com.sec.android.app.shealth,2021-11-23 01:31:00.000,022eb0c5-6ba2-452f-958e-58783ec02e75,
2021-11-18 00:37:00.000,b5cf63c6-993a-408c-9102-2f86d7cba8b8,,2021-11-18 08:46:01.534,2021-11-18 08:46:01.534,40003,UTC+0100,r+Q1gs7PBy,com.sec.android.app.shealth,2021-11-18 00:55:00.000,5418dda4-11bf-4f2e-82c5-b730bd0c143a,
2021-11-23 02:31:00.000,bde39e77-e18f-46bf-b2ef-4e8f477a3ca9,,2021-11-23 08:09:38.700,2021-11-23 08:09:38.700,40004,UTC+0100,r+Q1gs7PBy,com.sec.android.app.shealth,2021-11-23 03:07:00.000,72bfcf67-1237-4bdf-9f56-1762d8289668,
2021-11-18 01:45:00.000,b5cf63c6-993a-408c-9102-2f86d7cba8b8,,2021-11-18 08:46:01.538,2021-11-18 08:46:01.538,40004,UTC+0100,r+Q1gs7PBy,com.sec.android.app.shealth,2021-11-18 01:50:00.000,f9a63ead-e9ff-40fe-89c6-052e4957e5e0,
2021-11-23 04:32:00.000,bde39e77-e18f-46bf-b2ef-4e8f477a3ca9,,2021-11-23 08:09:38.700,2021-11-23 08:09:38.700,40004,UTC+0100,r+Q1gs7PBy,com.sec.android.app.shealth,2021-11-23 04:33:00.000,1a719bf0-5c61-425f-a97e-29ed7682b7ef,
2021-11-18 02:04:00.000,b5cf63c6-993a-408c-9102-2f86d7cba8b8,,2021-11-18 08:46:01.540,2021-11-18 08:46:01.540,40002,UTC+0100,r+Q1gs7PBy,com.sec.android.app.shealth,2021-11-18 02:32:00.000,65349067-b39a-403b-bf68-74b99ed6dbcb,
2021-11-23 05:36:00.000,bde39e77-e18f-46bf-b2ef-4e8f477a3ca9,,2021-11-23 08:09:38.701,2021-11-23 08:09:38.701,40001,UTC+0100,r+Q1gs7PBy,com.sec.android.app.shealth,2021-11-23 05:37:00.000,02b5433f-2b4e-4129-b739-e9996c726373,
2021-11-18 03:08:00.000,b5cf63c6-993a-408c-9102-2f86d7cba8b8,,2021-11-18 08:46:01.543,2021-11-18 08:46:01.543,40002,UTC+0100,r+Q1gs7PBy,com.sec.android.app.shealth,2021-11-18 03:20:00.000,8e357e97-1bf5-411c-9751-7f4687556cd4,
2021-11-23 06:51:00.000,bde39e77-e18f-46bf-b2ef-4e8f477a3ca9,,2021-11-23 08:09:38.701,2021-11-23 08:09:38.701,40001,UTC+0100,r+Q1gs7PBy,com.sec.android.app.shealth,2021-11-23 06:52:00.000,f70e8275-75ad-408f-ba8b-4dc88f05046f,
2021-11-18 03:56:00.000,b5cf63c6-993a-408c-9102-2f86d7cba8b8,,2021-11-18 08:46:01.545,2021-11-18 08:46:01.545,40001,UTC+0100,r+Q1gs7PBy,com.sec.android.app.shealth,2021-11-18 03:57:00.000,738a3e9c-44cb-42e5-b641-d6efeee557e0,
2021-11-18 04:08:00.000,b5cf63c6-993a-408c-9102-2f86d7cba8b8,,2021-11-18 08:46:01.548,2021-11-18 08:46:01.548,40001,UTC+0100,r+Q1gs7PBy,com.sec.android.app.shealth,2021-11-18 04:09:00.000,a6cfb161-e14f-4546-93cf-2c7879bde141,
2021-11-16 02:12:00.000,89b16e74-6eb2-4167-94ca-31dfff17e4fb,,2021-11-16 09:05:42.823,2021-11-16 09:05:42.823,40002,UTC+0100,r+Q1gs7PBy,com.sec.android.app.shealth,2021-11-16 02:30:00.000,3a6450a8-82ab-44cb-826e-d12427b6a082,
2021-11-18 05:36:00.000,b5cf63c6-993a-408c-9102-2f86d7cba8b8,,2021-11-18 08:46:01.551,2021-11-18 08:46:01.551,40001,UTC+0100,r+Q1gs7PBy,com.sec.android.app.shealth,2021-11-18 05:37:00.000,04d0f067-536b-4bd6-87db-7a3cf917550b,
2021-11-16 02:58:00.000,89b16e74-6eb2-4167-94ca-31dfff17e4fb,,2021-11-16 09:05:42.825,2021-11-16 09:05:42.825,40002,UTC+0100,r+Q1gs7PBy,com.sec.android.app.shealth,2021-11-16 03:23:00.000,6d99af91-b120-4ed6-a24b-9ab581045fd5,
2021-11-18 06:11:00.000,b5cf63c6-993a-408c-9102-2f86d7cba8b8,,2021-11-18 08:46:01.554,2021-11-18 08:46:01.554,40002,UTC+0100,r+Q1gs7PBy,com.sec.android.app.shealth,2021-11-18 06:13:00.000,78f8ae01-d62b-4407-9f5a-c009147e0ceb,
2021-11-16 04:06:00.000,89b16e74-6eb2-4167-94ca-31dfff17e4fb,,2021-11-16 09:05:42.827,2021-11-16 09:05:42.827,40002,UTC+0100,r+Q1gs7PBy,com.sec.android.app.shealth,2021-11-16 04:12:00.000,0884faf2-7ebf-409f-b4de-d027ec62a625,
2021-11-18 06:34:00.000,b5cf63c6-993a-408c-9102-2f86d7cba8b8,,2021-11-18 08:46:01.558,2021-11-18 08:46:01.558,40001,UTC+0100,r+Q1gs7PBy,com.sec.android.app.shealth,2021-11-18 06:37:00.000,addc416b-8e76-4db8-b9a3-a1c202f1c92c,
2021-11-16 04:47:00.000,89b16e74-6eb2-4167-94ca-31dfff17e4fb,,2021-11-16 09:05:42.828,2021-11-16 09:05:42.828,40001,UTC+0100,r+Q1gs7PBy,com.sec.android.app.shealth,2021-11-16 04:49:00.000,74a55711-057a-4bd6-977d-2eeb798e7bc7,
2021-11-18 07:31:00.000,b5cf63c6-993a-408c-9102-2f86d7cba8b8,,2021-11-18 08:46:01.562,2021-11-18 08:46:01.562,40004,UTC+0100,r+Q1gs7PBy,com.sec.android.app.shealth,2021-11-18 07:40:00.000,7a2f67b9-480e-40d9-bc0f-179c0dcde260,
2021-11-16 05:25:00.000,89b16e74-6eb2-4167-94ca-31dfff17e4fb,,2021-11-16 09:05:42.832,2021-11-16 09:05:42.832,40001,UTC+0100,r+Q1gs7PBy,com.sec.android.app.shealth,2021-11-16 05:27:00.000,97c990ce-8084-4634-87b9-bbdf8ce68e49,
2021-11-16 06:59:00.000,89b16e74-6eb2-4167-94ca-31dfff17e4fb,,2021-11-16 09:05:42.835,2021-11-16 09:05:42.835,40002,UTC+0100,r+Q1gs7PBy,com.sec.android.app.shealth,2021-11-16 07:46:00.000,bc8a1cce-0843-4900-b890-b56fe4045cc3,
2021-11-16 08:10:00.000,89b16e74-6eb2-4167-94ca-31dfff17e4fb,,2021-11-16 09:05:42.840,2021-11-16 09:05:42.840,40001,UTC+0100,r+Q1gs7PBy,com.sec.android.app.shealth,2021-11-16 08:12:00.000,d815289c-f5ee-4ec2-a5ce-f6c28870ec0f,
2021-11-16 08:49:00.000,89b16e74-6eb2-4167-94ca-31dfff17e4fb,,2021-11-16 09:05:42.850,2021-11-16 09:05:42.850,40001,UTC+0100,r+Q1gs7PBy,com.sec.android.app.shealth,2021-11-16 08:51:00.000,f3f41fbf-e1df-4d7e-8af7-69df06c43111,
2021-11-18 00:15:00.000,b5cf63c6-993a-408c-9102-2f86d7cba8b8,,2021-11-18 08:46:01.531,2021-11-18 08:46:01.531,40002,UTC+0100,r+Q1gs7PBy,com.sec.android.app.shealth,2021-11-18 00:22:00.000,5e220ef6-0f82-413f-b773-7d747c703624,
2021-11-18 00:55:00.000,b5cf63c6-993a-408c-9102-2f86d7cba8b8,,2021-11-18 08:46:01.535,2021-11-18 08:46:01.535,40001,UTC+0100,r+Q1gs7PBy,com.sec.android.app.shealth,2021-11-18 00:56:00.000,f126fee3-6190-42bf-8f23-2f46ae6f4b60,
2021-11-18 01:50:00.000,b5cf63c6-993a-408c-9102-2f86d7cba8b8,,2021-11-18 08:46:01.538,2021-11-18 08:46:01.538,40001,UTC+0100,r+Q1gs7PBy,com.sec.android.app.shealth,2021-11-18 01:51:00.000,1f2db9ce-5bc1-42ec-88b5-5715f63043e4,
2021-11-18 02:32:00.000,b5cf63c6-993a-408c-9102-2f86d7cba8b8,,2021-11-18 08:46:01.541,2021-11-18 08:46:01.541,40003,UTC+0100,r+Q1gs7PBy,com.sec.android.app.shealth,2021-11-18 02:49:00.000,78a16a05-38f2-45fa-b0fd-ceb48f1a52e5,
2021-11-18 03:20:00.000,b5cf63c6-993a-408c-9102-2f86d7cba8b8,,2021-11-18 08:46:01.543,2021-11-18 08:46:01.543,40001,UTC+0100,r+Q1gs7PBy,com.sec.android.app.shealth,2021-11-18 03:23:00.000,75bffd98-c766-41be-89ea-88288c8df4f5,
2021-11-18 03:57:00.000,b5cf63c6-993a-408c-9102-2f86d7cba8b8,,2021-11-18 08:46:01.546,2021-11-18 08:46:01.546,40002,UTC+0100,r+Q1gs7PBy,com.sec.android.app.shealth,2021-11-18 03:58:00.000,5f4f3937-eb2f-4fc8-8ded-7351e7ce7490,
2021-11-18 04:09:00.000,b5cf63c6-993a-408c-9102-2f86d7cba8b8,,2021-11-18 08:46:01.548,2021-11-18 08:46:01.548,40002,UTC+0100,r+Q1gs7PBy,com.sec.android.app.shealth,2021-11-18 05:02:00.000,60ee9096-f201-4735-b3f9-f138c34412ab,
2021-11-18 05:37:00.000,b5cf63c6-993a-408c-9102-2f86d7cba8b8,,2021-11-18 08:46:01.552,2021-11-18 08:46:01.552,40002,UTC+0100,r+Q1gs7PBy,com.sec.android.app.shealth,2021-11-18 05:39:00.000,6ad69a53-0709-4596-b98f-0cd58e5147e2,
2021-11-18 06:13:00.000,b5cf63c6-993a-408c-9102-2f86d7cba8b8,,2021-11-18 08:46:01.555,2021-11-18 08:46:01.555,40001,UTC+0100,r+Q1gs7PBy,com.sec.android.app.shealth,2021-11-18 06:15:00.000,70fa100c-7cfc-4bcb-9d49-eb2a67ffa7f0,
2021-11-18 06:37:00.000,b5cf63c6-993a-408c-9102-2f86d7cba8b8,,2021-11-18 08:46:01.559,2021-11-18 08:46:01.559,40002,UTC+0100,r+Q1gs7PBy,com.sec.android.app.shealth,2021-11-18 07:05:00.000,bf47ed94-3790-410a-aa2f-8ab3ec82ec9f,
2021-11-18 07:40:00.000,b5cf63c6-993a-408c-9102-2f86d7cba8b8,,2021-11-18 08:46:01.562,2021-11-18 08:46:01.562,40001,UTC+0100,r+Q1gs7PBy,com.sec.android.app.shealth,2021-11-18 07:45:00.000,87c713f9-b3d5-4a63-89b3-4b3992a4a427,
2021-11-18 08:07:00.000,b5cf63c6-993a-408c-9102-2f86d7cba8b8,,2021-11-18 08:46:01.564,2021-11-18 08:46:01.564,40001,UTC+0100,r+Q1gs7PBy,com.sec.android.app.shealth,2021-11-18 08:08:00.000,b9ce2ebc-9e3e-42dd-a01c-43d1c623afa5,
2021-11-18 08:27:00.000,b5cf63c6-993a-408c-9102-2f86d7cba8b8,,2021-11-18 08:46:01.567,2021-11-18 08:46:01.567,40001,UTC+0100,r+Q1gs7PBy,com.sec.android.app.shealth,2021-11-18 08:28:00.000,21fa32af-fd56-4a65-a699-951487097879,
2021-11-22 01:39:00.000,5330feb7-faf0-42e7-8b62-529662f528ae,,2021-11-22 09:46:56.630,2021-11-22 09:46:56.630,40001,UTC+0100,r+Q1gs7PBy,com.sec.android.app.shealth,2021-11-22 01:43:00.000,37e79249-19db-4367-af02-b3a03e3f8d94,
2021-11-22 02:17:00.000,5330feb7-faf0-42e7-8b62-529662f528ae,,2021-11-22 09:46:56.631,2021-11-22 09:46:56.631,40003,UTC+0100,r+Q1gs7PBy,com.sec.android.app.shealth,2021-11-22 02:25:00.000,74a48130-b194-4fe5-a082-4435fbafc0e1,
2021-11-18 08:08:00.000,b5cf63c6-993a-408c-9102-2f86d7cba8b8,,2021-11-18 08:46:01.565,2021-11-18 08:46:01.565,40002,UTC+0100,r+Q1gs7PBy,com.sec.android.app.shealth,2021-11-18 08:19:00.000,252889e4-0e97-4f8f-83d9-b92e85a33e7b,
2021-11-18 08:28:00.000,b5cf63c6-993a-408c-9102-2f86d7cba8b8,,2021-11-18 08:46:01.567,2021-11-18 08:46:01.567,40002,UTC+0100,r+Q1gs7PBy,com.sec.android.app.shealth,2021-11-18 08:36:00.000,b3ec5fcc-5453-4d3b-86b5-e1c46a59defc,
2021-11-22 02:43:00.000,5330feb7-faf0-42e7-8b62-529662f528ae,,2021-11-22 09:46:56.632,2021-11-22 09:46:56.632,40002,UTC+0100,r+Q1gs7PBy,com.sec.android.app.shealth,2021-11-22 02:49:00.000,fca11b52-6996-4eb8-bcec-ee55a1d646a7,
2021-11-22 01:43:00.000,5330feb7-faf0-42e7-8b62-529662f528ae,,2021-11-22 09:46:56.631,2021-11-22 09:46:56.631,40002,UTC+0100,r+Q1gs7PBy,com.sec.android.app.shealth,2021-11-22 01:57:00.000,a42f16fb-b4aa-48fd-848e-e1f5472bfa98,
2021-11-22 03:24:00.000,5330feb7-faf0-42e7-8b62-529662f528ae,,2021-11-22 09:46:56.633,2021-11-22 09:46:56.633,40002,UTC+0100,r+Q1gs7PBy,com.sec.android.app.shealth,2021-11-22 03:26:00.000,098798cf-aa2c-42ae-9511-d22dc3f28ab6,
2021-11-22 05:16:00.000,5330feb7-faf0-42e7-8b62-529662f528ae,,2021-11-22 09:46:56.634,2021-11-22 09:46:56.634,40002,UTC+0100,r+Q1gs7PBy,com.sec.android.app.shealth,2021-11-22 05:18:00.000,79f00264-e81b-4407-9d85-17cb9a121a31,
2021-11-22 02:25:00.000,5330feb7-faf0-42e7-8b62-529662f528ae,,2021-11-22 09:46:56.631,2021-11-22 09:46:56.631,40001,UTC+0100,r+Q1gs7PBy,com.sec.android.app.shealth,2021-11-22 02:26:00.000,040463a1-37ae-4ea6-b9fc-44fd650f9cb6,
2021-11-22 07:18:00.000,5330feb7-faf0-42e7-8b62-529662f528ae,,2021-11-22 09:46:56.634,2021-11-22 09:46:56.634,40001,UTC+0100,r+Q1gs7PBy,com.sec.android.app.shealth,2021-11-22 07:20:00.000,8f80c658-cca3-4c9f-b979-9860c9234dc3,
2021-11-22 07:43:00.000,5330feb7-faf0-42e7-8b62-529662f528ae,,2021-11-22 09:46:56.635,2021-11-22 09:46:56.635,40001,UTC+0100,r+Q1gs7PBy,com.sec.android.app.shealth,2021-11-22 07:44:00.000,6026f413-14fd-4f00-b049-307bcfff2cdf,
2021-11-22 07:58:00.000,5330feb7-faf0-42e7-8b62-529662f528ae,,2021-11-22 09:46:56.636,2021-11-22 09:46:56.636,40001,UTC+0100,r+Q1gs7PBy,com.sec.android.app.shealth,2021-11-22 08:01:00.000,f32f3a5c-a90a-4198-a8d4-a7ea3953aab3,
2021-11-22 08:28:00.000,5330feb7-faf0-42e7-8b62-529662f528ae,,2021-11-22 09:46:56.636,2021-11-22 09:46:56.636,40004,UTC+0100,r+Q1gs7PBy,com.sec.android.app.shealth,2021-11-22 09:01:00.000,0a210423-5ac1-4169-ac58-cc3c80f40d90,
2021-11-22 09:36:00.000,5330feb7-faf0-42e7-8b62-529662f528ae,,2021-11-22 09:46:56.637,2021-11-22 09:46:56.637,40001,UTC+0100,r+Q1gs7PBy,com.sec.android.app.shealth,2021-11-22 09:44:00.000,f320c981-a324-4ae6-bf0b-18665c7ff4e6,
2021-11-22 02:49:00.000,5330feb7-faf0-42e7-8b62-529662f528ae,,2021-11-22 09:46:56.632,2021-11-22 09:46:56.632,40001,UTC+0100,r+Q1gs7PBy,com.sec.android.app.shealth,2021-11-22 02:50:00.000,388cdec9-52b6-4bde-a36f-dd8844265e7d,
2021-11-22 23:30:00.000,bde39e77-e18f-46bf-b2ef-4e8f477a3ca9,,2021-11-23 08:09:38.698,2021-11-23 08:09:38.698,40001,UTC+0100,r+Q1gs7PBy,com.sec.android.app.shealth,2021-11-22 23:32:00.000,206de860-d1fd-42d0-9599-33321b5eecb3,
2021-11-23 00:24:00.000,bde39e77-e18f-46bf-b2ef-4e8f477a3ca9,,2021-11-23 08:09:38.698,2021-11-23 08:09:38.698,40001,UTC+0100,r+Q1gs7PBy,com.sec.android.app.shealth,2021-11-23 00:27:00.000,64da6766-32db-41bd-879f-dcc3e9881f34,
2021-11-22 03:26:00.000,5330feb7-faf0-42e7-8b62-529662f528ae,,2021-11-22 09:46:56.633,2021-11-22 09:46:56.633,40004,UTC+0100,r+Q1gs7PBy,com.sec.android.app.shealth,2021-11-22 03:48:00.000,35d82a9f-ab1e-4d81-a3f9-0767d1a711f8,
2021-11-23 01:04:00.000,bde39e77-e18f-46bf-b2ef-4e8f477a3ca9,,2021-11-23 08:09:38.699,2021-11-23 08:09:38.699,40004,UTC+0100,r+Q1gs7PBy,com.sec.android.app.shealth,2021-11-23 01:13:00.000,1aac40c2-6552-4d20-bb7a-4ef5a7a44fad,
2021-11-23 01:31:00.000,bde39e77-e18f-46bf-b2ef-4e8f477a3ca9,,2021-11-23 08:09:38.699,2021-11-23 08:09:38.699,40002,UTC+0100,r+Q1gs7PBy,com.sec.android.app.shealth,2021-11-23 01:52:00.000,547baf48-0a7b-433d-9771-09bbec56c5d6,
2021-11-23 03:07:00.000,bde39e77-e18f-46bf-b2ef-4e8f477a3ca9,,2021-11-23 08:09:38.700,2021-11-23 08:09:38.700,40002,UTC+0100,r+Q1gs7PBy,com.sec.android.app.shealth,2021-11-23 03:11:00.000,3adb9543-c9eb-42e5-ba91-b35ec7094396,
2021-11-22 05:18:00.000,5330feb7-faf0-42e7-8b62-529662f528ae,,2021-11-22 09:46:56.634,2021-11-22 09:46:56.634,40004,UTC+0100,r+Q1gs7PBy,com.sec.android.app.shealth,2021-11-22 06:07:00.000,bf449657-eede-4a8e-b4fb-accd827cecaa,
2021-11-23 04:33:00.000,bde39e77-e18f-46bf-b2ef-4e8f477a3ca9,,2021-11-23 08:09:38.700,2021-11-23 08:09:38.700,40001,UTC+0100,r+Q1gs7PBy,com.sec.android.app.shealth,2021-11-23 04:35:00.000,1db34d9a-1cb0-42a9-9e66-f91ad076c9a3,
2021-11-23 05:37:00.000,bde39e77-e18f-46bf-b2ef-4e8f477a3ca9,,2021-11-23 08:09:38.701,2021-11-23 08:09:38.701,40002,UTC+0100,r+Q1gs7PBy,com.sec.android.app.shealth,2021-11-23 05:46:00.000,725b2d0b-06c1-4eb9-b1f6-f07c28062a82,
2021-11-22 07:20:00.000,5330feb7-faf0-42e7-8b62-529662f528ae,,2021-11-22 09:46:56.635,2021-11-22 09:46:56.635,40004,UTC+0100,r+Q1gs7PBy,com.sec.android.app.shealth,2021-11-22 07:33:00.000,5f8398e9-ca25-463c-8f2b-eda20e279ca9,
2021-11-16 02:30:00.000,89b16e74-6eb2-4167-94ca-31dfff17e4fb,,2021-11-16 09:05:42.823,2021-11-16 09:05:42.823,40003,UTC+0100,r+Q1gs7PBy,com.sec.android.app.shealth,2021-11-16 02:43:00.000,d19662b3-da56-42f4-ad52-076cc1acbc57,
2021-11-22 07:44:00.000,5330feb7-faf0-42e7-8b62-529662f528ae,,2021-11-22 09:46:56.635,2021-11-22 09:46:56.635,40002,UTC+0100,r+Q1gs7PBy,com.sec.android.app.shealth,2021-11-22 07:45:00.000,974ebcf8-559f-4926-b940-c6cd31ce415d,
2021-11-16 03:23:00.000,89b16e74-6eb2-4167-94ca-31dfff17e4fb,,2021-11-16 09:05:42.825,2021-11-16 09:05:42.825,40003,UTC+0100,r+Q1gs7PBy,com.sec.android.app.shealth,2021-11-16 03:35:00.000,4531d418-8248-446c-9ca4-259179f9fbb0,
2021-11-22 08:01:00.000,5330feb7-faf0-42e7-8b62-529662f528ae,,2021-11-22 09:46:56.636,2021-11-22 09:46:56.636,40002,UTC+0100,r+Q1gs7PBy,com.sec.android.app.shealth,2021-11-22 08:07:00.000,35b9c9ba-7811-4483-892e-2b5b4efe1793,
2021-11-16 04:12:00.000,89b16e74-6eb2-4167-94ca-31dfff17e4fb,,2021-11-16 09:05:42.827,2021-11-16 09:05:42.827,40001,UTC+0100,r+Q1gs7PBy,com.sec.android.app.shealth,2021-11-16 04:13:00.000,dd641318-5ccb-489e-aa6d-131235cf0f56,
2021-11-22 09:01:00.000,5330feb7-faf0-42e7-8b62-529662f528ae,,2021-11-22 09:46:56.637,2021-11-22 09:46:56.637,40001,UTC+0100,r+Q1gs7PBy,com.sec.android.app.shealth,2021-11-22 09:03:00.000,2beea552-45b1-4b7f-9291-57b31fe1f896,
2021-11-16 04:49:00.000,89b16e74-6eb2-4167-94ca-31dfff17e4fb,,2021-11-16 09:05:42.829,2021-11-16 09:05:42.829,40002,UTC+0100,r+Q1gs7PBy,com.sec.android.app.shealth,2021-11-16 04:53:00.000,3ee266dd-32f8-4d1c-9396-4c4fdb30f310,
2021-11-22 22:46:00.000,bde39e77-e18f-46bf-b2ef-4e8f477a3ca9,,2021-11-23 08:09:38.698,2021-11-23 08:09:38.698,40002,UTC+0100,r+Q1gs7PBy,com.sec.android.app.shealth,2021-11-22 23:02:00.000,7f79eb0c-7e75-4488-a742-75b4545df072,
2021-11-16 05:27:00.000,89b16e74-6eb2-4167-94ca-31dfff17e4fb,,2021-11-16 09:05:42.832,2021-11-16 09:05:42.832,40002,UTC+0100,r+Q1gs7PBy,com.sec.android.app.shealth,2021-11-16 06:10:00.000,d2059930-90bd-4fb0-8338-b72c1b5ebdf8,
2021-11-22 23:32:00.000,bde39e77-e18f-46bf-b2ef-4e8f477a3ca9,,2021-11-23 08:09:38.698,2021-11-23 08:09:38.698,40002,UTC+0100,r+Q1gs7PBy,com.sec.android.app.shealth,2021-11-22 23:36:00.000,a6496ecf-b63b-4469-b420-428c4bb9563f,
2021-11-16 07:46:00.000,89b16e74-6eb2-4167-94ca-31dfff17e4fb,,2021-11-16 09:05:42.836,2021-11-16 09:05:42.836,40004,UTC+0100,r+Q1gs7PBy,com.sec.android.app.shealth,2021-11-16 07:57:00.000,61ee645d-20c0-40be-83d3-9bb9340f5113,
2021-11-23 00:27:00.000,bde39e77-e18f-46bf-b2ef-4e8f477a3ca9,,2021-11-23 08:09:38.698,2021-11-23 08:09:38.698,40002,UTC+0100,r+Q1gs7PBy,com.sec.android.app.shealth,2021-11-23 00:46:00.000,c6f5820f-694e-48f1-8dc8-b24f02472a46,
2021-11-16 08:12:00.000,89b16e74-6eb2-4167-94ca-31dfff17e4fb,,2021-11-16 09:05:42.848,2021-11-16 09:05:42.848,40002,UTC+0100,r+Q1gs7PBy,com.sec.android.app.shealth,2021-11-16 08:14:00.000,5d829b77-87b2-4aed-b84a-67dbe9fe1c46,
2021-11-23 01:13:00.000,bde39e77-e18f-46bf-b2ef-4e8f477a3ca9,,2021-11-23 08:09:38.699,2021-11-23 08:09:38.699,40001,UTC+0100,r+Q1gs7PBy,com.sec.android.app.shealth,2021-11-23 01:14:00.000,cb9d02e8-d2a4-419a-93ea-f03046012fa9,
2021-11-16 08:51:00.000,89b16e74-6eb2-4167-94ca-31dfff17e4fb,,2021-11-16 09:05:42.850,2021-11-16 09:05:42.850,40002,UTC+0100,r+Q1gs7PBy,com.sec.android.app.shealth,2021-11-16 09:00:00.000,66c1af3a-570d-4b58-9772-7a0382dd2ff0,
2021-11-23 01:52:00.000,bde39e77-e18f-46bf-b2ef-4e8f477a3ca9,,2021-11-23 08:09:38.699,2021-11-23 08:09:38.699,40003,UTC+0100,r+Q1gs7PBy,com.sec.android.app.shealth,2021-11-23 01:53:00.000,94fca5fc-aa37-4cff-952c-91ed838a4b94,
2021-11-18 00:22:00.000,b5cf63c6-993a-408c-9102-2f86d7cba8b8,,2021-11-18 08:46:01.531,2021-11-18 08:46:01.531,40001,UTC+0100,r+Q1gs7PBy,com.sec.android.app.shealth,2021-11-18 00:23:00.000,3bbc0eb5-a44a-4f14-a427-fca5f8690b7b,
2021-11-23 03:11:00.000,bde39e77-e18f-46bf-b2ef-4e8f477a3ca9,,2021-11-23 08:09:38.700,2021-11-23 08:09:38.700,40001,UTC+0100,r+Q1gs7PBy,com.sec.android.app.shealth,2021-11-23 03:13:00.000,2f7a1cd4-6c3c-47b8-bf64-635885a1f699,
2021-11-23 04:35:00.000,bde39e77-e18f-46bf-b2ef-4e8f477a3ca9,,2021-11-23 08:09:38.700,2021-11-23 08:09:38.700,40002,UTC+0100,r+Q1gs7PBy,com.sec.android.app.shealth,2021-11-23 04:37:00.000,fe6267f2-626b-4890-9515-6aae8c34ed72,
2021-11-23 05:46:00.000,bde39e77-e18f-46bf-b2ef-4e8f477a3ca9,,2021-11-23 08:09:38.701,2021-11-23 08:09:38.701,40004,UTC+0100,r+Q1gs7PBy,com.sec.android.app.shealth,2021-11-23 06:41:00.000,365d99ed-ed04-4280-86eb-1d0c28886eb7,
2021-11-23 07:05:00.000,bde39e77-e18f-46bf-b2ef-4e8f477a3ca9,,2021-11-23 08:09:38.701,2021-11-23 08:09:38.701,40001,UTC+0100,r+Q1gs7PBy,com.sec.android.app.shealth,2021-11-23 07:06:00.000,536c5c6a-3048-41c6-9395-a490c7406250,
2021-11-18 00:56:00.000,b5cf63c6-993a-408c-9102-2f86d7cba8b8,,2021-11-18 08:46:01.535,2021-11-18 08:46:01.535,40002,UTC+0100,r+Q1gs7PBy,com.sec.android.app.shealth,2021-11-18 01:14:00.000,612f1bec-0045-4863-830e-80053357b070,
2021-11-23 06:52:00.000,bde39e77-e18f-46bf-b2ef-4e8f477a3ca9,,2021-11-23 08:09:38.701,2021-11-23 08:09:38.701,40002,UTC+0100,r+Q1gs7PBy,com.sec.android.app.shealth,2021-11-23 07:05:00.000,ad110e32-1623-431a-95e5-9e6ace02c2b1,
2021-11-18 01:51:00.000,b5cf63c6-993a-408c-9102-2f86d7cba8b8,,2021-11-18 08:46:01.539,2021-11-18 08:46:01.539,40002,UTC+0100,r+Q1gs7PBy,com.sec.android.app.shealth,2021-11-18 02:00:00.000,55d7f0a4-561f-4a99-8fab-6cc4376c15e4,
2021-11-18 02:49:00.000,b5cf63c6-993a-408c-9102-2f86d7cba8b8,,2021-11-18 08:46:01.541,2021-11-18 08:46:01.541,40002,UTC+0100,r+Q1gs7PBy,com.sec.android.app.shealth,2021-11-18 02:59:00.000,2affffd8-a862-4f7d-8950-27caaa94d5e9,
2021-11-18 03:23:00.000,b5cf63c6-993a-408c-9102-2f86d7cba8b8,,2021-11-18 08:46:01.544,2021-11-18 08:46:01.544,40002,UTC+0100,r+Q1gs7PBy,com.sec.android.app.shealth,2021-11-18 03:36:00.000,111814af-f88a-432b-af7d-e3af65028ddb,
2021-11-18 03:58:00.000,b5cf63c6-993a-408c-9102-2f86d7cba8b8,,2021-11-18 08:46:01.546,2021-11-18 08:46:01.546,40001,UTC+0100,r+Q1gs7PBy,com.sec.android.app.shealth,2021-11-18 03:59:00.000,75fec55c-9479-462d-945d-a47fbdedcf43,
2021-11-18 05:02:00.000,b5cf63c6-993a-408c-9102-2f86d7cba8b8,,2021-11-18 08:46:01.549,2021-11-18 08:46:01.549,40001,UTC+0100,r+Q1gs7PBy,com.sec.android.app.shealth,2021-11-18 05:03:00.000,2717c1dc-c8f0-4b65-be85-9f6774a8c879,
2021-11-18 05:39:00.000,b5cf63c6-993a-408c-9102-2f86d7cba8b8,,2021-11-18 08:46:01.552,2021-11-18 08:46:01.552,40001,UTC+0100,r+Q1gs7PBy,com.sec.android.app.shealth,2021-11-18 05:40:00.000,31470ad5-40b2-4b48-930e-8e77ae25a2e1,
2021-11-18 06:15:00.000,b5cf63c6-993a-408c-9102-2f86d7cba8b8,,2021-11-18 08:46:01.555,2021-11-18 08:46:01.555,40004,UTC+0100,r+Q1gs7PBy,com.sec.android.app.shealth,2021-11-18 06:22:00.000,31e22707-db65-49ab-bff5-9cbc0a6dfc23,
2021-11-18 07:05:00.000,b5cf63c6-993a-408c-9102-2f86d7cba8b8,,2021-11-18 08:46:01.559,2021-11-18 08:46:01.559,40001,UTC+0100,r+Q1gs7PBy,com.sec.android.app.shealth,2021-11-18 07:06:00.000,e872f1f2-c511-452d-8abd-ff2d2b11df67,
2021-11-18 07:45:00.000,b5cf63c6-993a-408c-9102-2f86d7cba8b8,,2021-11-18 08:46:01.563,2021-11-18 08:46:01.563,40004,UTC+0100,r+Q1gs7PBy,com.sec.android.app.shealth,2021-11-18 07:56:00.000,21c9044b-c0ed-4f2a-a373-5b30f0c49a7c,
2021-11-18 08:19:00.000,b5cf63c6-993a-408c-9102-2f86d7cba8b8,,2021-11-18 08:46:01.565,2021-11-18 08:46:01.565,40001,UTC+0100,r+Q1gs7PBy,com.sec.android.app.shealth,2021-11-18 08:20:00.000,38f52cb6-da42-4070-a46f-0943b20a5f81,
2021-11-18 08:36:00.000,b5cf63c6-993a-408c-9102-2f86d7cba8b8,,2021-11-18 08:46:01.567,2021-11-18 08:46:01.567,40001,UTC+0100,r+Q1gs7PBy,com.sec.android.app.shealth,2021-11-18 08:41:00.000,532767d6-6525-4dbf-9348-c4ba52db68cd,
2021-11-22 01:57:00.000,5330feb7-faf0-42e7-8b62-529662f528ae,,2021-11-22 09:46:56.631,2021-11-22 09:46:56.631,40001,UTC+0100,r+Q1gs7PBy,com.sec.android.app.shealth,2021-11-22 01:58:00.000,cd05a875-e1d7-441f-8a5f-21defb8f3dec,
2021-11-22 02:26:00.000,5330feb7-faf0-42e7-8b62-529662f528ae,,2021-11-22 09:46:56.632,2021-11-22 09:46:56.632,40002,UTC+0100,r+Q1gs7PBy,com.sec.android.app.shealth,2021-11-22 02:38:00.000,488689f4-43f3-480b-840e-ec71e6af3e85,
2021-11-22 02:50:00.000,5330feb7-faf0-42e7-8b62-529662f528ae,,2021-11-22 09:46:56.632,2021-11-22 09:46:56.632,40002,UTC+0100,r+Q1gs7PBy,com.sec.android.app.shealth,2021-11-22 03:14:00.000,8625b6e8-b2ad-4f7b-b4af-601fcdec85d7,
2021-11-22 03:48:00.000,5330feb7-faf0-42e7-8b62-529662f528ae,,2021-11-22 09:46:56.633,2021-11-22 09:46:56.633,40002,UTC+0100,r+Q1gs7PBy,com.sec.android.app.shealth,2021-11-22 04:20:00.000,6148bb47-1240-4a2b-b3a6-030fd9667bd1,
2021-11-22 06:07:00.000,5330feb7-faf0-42e7-8b62-529662f528ae,,2021-11-22 09:46:56.634,2021-11-22 09:46:56.634,40002,UTC+0100,r+Q1gs7PBy,com.sec.android.app.shealth,2021-11-22 06:33:00.000,9d1f48bc-a4da-43f3-9b99-581f8b6fb517,
2021-11-22 07:33:00.000,5330feb7-faf0-42e7-8b62-529662f528ae,,2021-11-22 09:46:56.635,2021-11-22 09:46:56.635,40001,UTC+0100,r+Q1gs7PBy,com.sec.android.app.shealth,2021-11-22 07:34:00.000,c76dd2ae-4e48-42be-b468-e5c1286c5ded,
2021-11-22 07:45:00.000,5330feb7-faf0-42e7-8b62-529662f528ae,,2021-11-22 09:46:56.635,2021-11-22 09:46:56.635,40004,UTC+0100,r+Q1gs7PBy,com.sec.android.app.shealth,2021-11-22 07:48:00.000,d17cbba7-2a50-47ea-ab4d-6a1233839cde,
2021-11-22 08:07:00.000,5330feb7-faf0-42e7-8b62-529662f528ae,,2021-11-22 09:46:56.636,2021-11-22 09:46:56.636,40001,UTC+0100,r+Q1gs7PBy,com.sec.android.app.shealth,2021-11-22 08:08:00.000,9643fa24-f851-4418-9162-62ae415eee48,
2021-11-22 09:03:00.000,5330feb7-faf0-42e7-8b62-529662f528ae,,2021-11-22 09:46:56.637,2021-11-22 09:46:56.637,40002,UTC+0100,r+Q1gs7PBy,com.sec.android.app.shealth,2021-11-22 09:09:00.000,d59b1245-4984-4fe8-9cd3-5a0c9b1dee1b,
2021-11-22 23:02:00.000,bde39e77-e18f-46bf-b2ef-4e8f477a3ca9,,2021-11-23 08:09:38.698,2021-11-23 08:09:38.698,40001,UTC+0100,r+Q1gs7PBy,com.sec.android.app.shealth,2021-11-22 23:10:00.000,c0b8a62d-13ea-4690-bb6c-71bb2023f741,
2021-11-22 23:36:00.000,bde39e77-e18f-46bf-b2ef-4e8f477a3ca9,,2021-11-23 08:09:38.698,2021-11-23 08:09:38.698,40001,UTC+0100,r+Q1gs7PBy,com.sec.android.app.shealth,2021-11-22 23:37:00.000,ef32a109-c92d-4599-b435-6d7ec692b7d1,
2021-11-23 00:46:00.000,bde39e77-e18f-46bf-b2ef-4e8f477a3ca9,,2021-11-23 08:09:38.698,2021-11-23 08:09:38.698,40003,UTC+0100,r+Q1gs7PBy,com.sec.android.app.shealth,2021-11-23 00:58:00.000,d1ff558e-9dc6-4990-aa52-aedc57beeff2,
2021-11-23 01:14:00.000,bde39e77-e18f-46bf-b2ef-4e8f477a3ca9,,2021-11-23 08:09:38.699,2021-11-23 08:09:38.699,40002,UTC+0100,r+Q1gs7PBy,com.sec.android.app.shealth,2021-11-23 01:25:00.000,a3a48afc-8b9f-4fc1-bc65-2e75c95f5d33,
2021-11-23 01:53:00.000,bde39e77-e18f-46bf-b2ef-4e8f477a3ca9,,2021-11-23 08:09:38.699,2021-11-23 08:09:38.699,40002,UTC+0100,r+Q1gs7PBy,com.sec.android.app.shealth,2021-11-23 02:27:00.000,b38c93e8-7112-4c32-9bc0-2715b36c3954,
2021-11-23 03:13:00.000,bde39e77-e18f-46bf-b2ef-4e8f477a3ca9,,2021-11-23 08:09:38.700,2021-11-23 08:09:38.700,40002,UTC+0100,r+Q1gs7PBy,com.sec.android.app.shealth,2021-11-23 04:07:00.000,3c1ad7a2-8c37-4c97-9d83-089745438cc8,
2021-11-23 04:37:00.000,bde39e77-e18f-46bf-b2ef-4e8f477a3ca9,,2021-11-23 08:09:38.700,2021-11-23 08:09:38.700,40004,UTC+0100,r+Q1gs7PBy,com.sec.android.app.shealth,2021-11-23 04:42:00.000,a9034011-b80a-4629-9683-aeed65ce04c0,
2021-11-23 06:41:00.000,bde39e77-e18f-46bf-b2ef-4e8f477a3ca9,,2021-11-23 08:09:38.701,2021-11-23 08:09:38.701,40002,UTC+0100,r+Q1gs7PBy,com.sec.android.app.shealth,2021-11-23 06:44:00.000,7e17dd39-dd47-42a7-9fb7-6dfbb79d1aaa,
2021-11-23 07:06:00.000,bde39e77-e18f-46bf-b2ef-4e8f477a3ca9,,2021-11-23 08:09:38.701,2021-11-23 08:09:38.701,40002,UTC+0100,r+Q1gs7PBy,com.sec.android.app.shealth,2021-11-23 08:00:00.000,f7ce6aac-a22d-4768-85c2-d5c954ed3029,
